{
  "analysis_metadata": {
    "generated_date": "2024-12-22",
    "versions_analyzed": [],
    "total_fields": 0,
    "semantic_domains": [
      "identification_marking",
      "species",
      "demographics",
      "temporal",
      "spatial",
      "biometrics",
      "methodology"
    ]
  },
  "domain_evolutions": {
    "identification_marking": {
      "description": "Ring numbers, schemes, metal rings, other marks, and verification systems for unique bird identification throughout its life",
      "evolution_entries": [],
      "field_evolution_map": {},
      "compatibility_matrix": {}
    },
    "species": {
      "description": "Species codes, taxonomy systems, and identification verification by both finders and ringing schemes",
      "evolution_entries": [],
      "field_evolution_map": {},
      "compatibility_matrix": {}
    },
    "demographics": {
      "description": "Age and sex classification systems based on plumage characteristics and morphological features",
      "evolution_entries": [],
      "field_evolution_map": {},
      "compatibility_matrix": {}
    },
    "temporal": {
      "description": "Date and time formats for recording capture, observation, and handling events",
      "evolution_entries": [],
      "field_evolution_map": {},
      "compatibility_matrix": {}
    },
    "spatial": {
      "description": "Geographic coordinates, location accuracy, and spatial encoding systems for recording bird locations",
      "evolution_entries": [],
      "field_evolution_map": {},
      "compatibility_matrix": {}
    },
    "biometrics": {
      "description": "Physical measurements including wing length, weight, bill dimensions, tarsus, fat scores, muscle condition, and moult status",
      "evolution_entries": [],
      "field_evolution_map": {},
      "compatibility_matrix": {}
    },
    "methodology": {
      "description": "Capture methods, handling conditions, manipulation status, lures used, and procedural information",
      "evolution_entries": [],
      "field_evolution_map": {},
      "compatibility_matrix": {}
    }
  }
}