{
  "domain": "biometrics",
  "evolution_entries": [
    {
      "version": "euring_1966",
      "year": 1966,
      "changes": [
        {
          "change_type": "added",
          "field_name": "wing_length",
          "semantic_impact": "New field added to biometrics domain",
          "compatibility_impact": "partial",
          "previous_value": null,
          "new_value": "field_added"
        },
        {
          "change_type": "added",
          "field_name": "weight",
          "semantic_impact": "New field added to biometrics domain",
          "compatibility_impact": "partial",
          "previous_value": null,
          "new_value": "field_added"
        },
        {
          "change_type": "added",
          "field_name": "bill_length",
          "semantic_impact": "New field added to biometrics domain",
          "compatibility_impact": "partial",
          "previous_value": null,
          "new_value": "field_added"
        }
      ],
      "fields_added": [
        "wing_length",
        "weight",
        "bill_length"
      ],
      "fields_removed": [],
      "fields_modified": [],
      "semantic_notes": [],
      "format_changes": [
        "Field separator:  ",
        "Total length: 55"
      ],
      "field_mappings": []
    },
    {
      "version": "euring_1979",
      "year": 1979,
      "changes": [
        {
          "change_type": "added",
          "field_name": "additional_code_2",
          "semantic_impact": "New field added to biometrics domain",
          "compatibility_impact": "partial",
          "previous_value": null,
          "new_value": "field_added"
        },
        {
          "change_type": "added",
          "field_name": "tarsus_length",
          "semantic_impact": "New field added to biometrics domain",
          "compatibility_impact": "partial",
          "previous_value": null,
          "new_value": "field_added"
        },
        {
          "change_type": "modified",
          "field_name": "wing_length",
          "semantic_impact": "Field modified in biometrics domain",
          "compatibility_impact": "partial",
          "previous_value": "previous_format",
          "new_value": "new_format"
        },
        {
          "change_type": "modified",
          "field_name": "weight",
          "semantic_impact": "Field modified in biometrics domain",
          "compatibility_impact": "partial",
          "previous_value": "previous_format",
          "new_value": "new_format"
        },
        {
          "change_type": "modified",
          "field_name": "bill_length",
          "semantic_impact": "Field modified in biometrics domain",
          "compatibility_impact": "partial",
          "previous_value": "previous_format",
          "new_value": "new_format"
        }
      ],
      "fields_added": [
        "additional_code_2",
        "tarsus_length"
      ],
      "fields_removed": [],
      "fields_modified": [
        "wing_length",
        "weight",
        "bill_length"
      ],
      "semantic_notes": [
        "Fixed-length format standardization",
        "Encoded coordinate system",
        "Additional measurement fields"
      ],
      "format_changes": [
        "Fixed-length format",
        "Total length: 78"
      ],
      "field_mappings": []
    },
    {
      "version": "euring_2000",
      "year": 2000,
      "changes": [
        {
          "change_type": "added",
          "field_name": "measurement_2",
          "semantic_impact": "New field added to biometrics domain",
          "compatibility_impact": "partial",
          "previous_value": null,
          "new_value": "field_added"
        },
        {
          "change_type": "added",
          "field_name": "measurement_4",
          "semantic_impact": "New field added to biometrics domain",
          "compatibility_impact": "partial",
          "previous_value": null,
          "new_value": "field_added"
        },
        {
          "change_type": "added",
          "field_name": "measurement_1",
          "semantic_impact": "New field added to biometrics domain",
          "compatibility_impact": "partial",
          "previous_value": null,
          "new_value": "field_added"
        },
        {
          "change_type": "added",
          "field_name": "measurement_3",
          "semantic_impact": "New field added to biometrics domain",
          "compatibility_impact": "partial",
          "previous_value": null,
          "new_value": "field_added"
        },
        {
          "change_type": "removed",
          "field_name": "bill_length",
          "semantic_impact": "Field removed from biometrics domain",
          "compatibility_impact": "lossy",
          "previous_value": "field_existed",
          "new_value": null
        },
        {
          "change_type": "removed",
          "field_name": "wing_length",
          "semantic_impact": "Field removed from biometrics domain",
          "compatibility_impact": "lossy",
          "previous_value": "field_existed",
          "new_value": null
        },
        {
          "change_type": "removed",
          "field_name": "weight",
          "semantic_impact": "Field removed from biometrics domain",
          "compatibility_impact": "lossy",
          "previous_value": "field_existed",
          "new_value": null
        },
        {
          "change_type": "removed",
          "field_name": "additional_code_2",
          "semantic_impact": "Field removed from biometrics domain",
          "compatibility_impact": "lossy",
          "previous_value": "field_existed",
          "new_value": null
        },
        {
          "change_type": "removed",
          "field_name": "tarsus_length",
          "semantic_impact": "Field removed from biometrics domain",
          "compatibility_impact": "lossy",
          "previous_value": "field_existed",
          "new_value": null
        }
      ],
      "fields_added": [
        "measurement_2",
        "measurement_4",
        "measurement_1",
        "measurement_3"
      ],
      "fields_removed": [
        "bill_length",
        "wing_length",
        "weight",
        "additional_code_2",
        "tarsus_length"
      ],
      "fields_modified": [],
      "semantic_notes": [
        "Complex alphanumeric encoding",
        "Enhanced location accuracy"
      ],
      "format_changes": [
        "Fixed-length format",
        "Total length: 96"
      ],
      "field_mappings": []
    },
    {
      "version": "euring_2020",
      "year": 2020,
      "changes": [
        {
          "change_type": "added",
          "field_name": "bill_length",
          "semantic_impact": "New field added to biometrics domain",
          "compatibility_impact": "partial",
          "previous_value": null,
          "new_value": "field_added"
        },
        {
          "change_type": "added",
          "field_name": "wing_length",
          "semantic_impact": "New field added to biometrics domain",
          "compatibility_impact": "partial",
          "previous_value": null,
          "new_value": "field_added"
        },
        {
          "change_type": "added",
          "field_name": "muscle_score",
          "semantic_impact": "New field added to biometrics domain",
          "compatibility_impact": "partial",
          "previous_value": null,
          "new_value": "field_added"
        },
        {
          "change_type": "added",
          "field_name": "fat_score",
          "semantic_impact": "New field added to biometrics domain",
          "compatibility_impact": "partial",
          "previous_value": null,
          "new_value": "field_added"
        },
        {
          "change_type": "added",
          "field_name": "moult_code",
          "semantic_impact": "New field added to biometrics domain",
          "compatibility_impact": "partial",
          "previous_value": null,
          "new_value": "field_added"
        },
        {
          "change_type": "added",
          "field_name": "weight",
          "semantic_impact": "New field added to biometrics domain",
          "compatibility_impact": "partial",
          "previous_value": null,
          "new_value": "field_added"
        },
        {
          "change_type": "added",
          "field_name": "tarsus_length",
          "semantic_impact": "New field added to biometrics domain",
          "compatibility_impact": "partial",
          "previous_value": null,
          "new_value": "field_added"
        },
        {
          "change_type": "removed",
          "field_name": "measurement_2",
          "semantic_impact": "Field removed from biometrics domain",
          "compatibility_impact": "lossy",
          "previous_value": "field_existed",
          "new_value": null
        },
        {
          "change_type": "removed",
          "field_name": "measurement_4",
          "semantic_impact": "Field removed from biometrics domain",
          "compatibility_impact": "lossy",
          "previous_value": "field_existed",
          "new_value": null
        },
        {
          "change_type": "removed",
          "field_name": "measurement_1",
          "semantic_impact": "Field removed from biometrics domain",
          "compatibility_impact": "lossy",
          "previous_value": "field_existed",
          "new_value": null
        },
        {
          "change_type": "removed",
          "field_name": "measurement_3",
          "semantic_impact": "Field removed from biometrics domain",
          "compatibility_impact": "lossy",
          "previous_value": "field_existed",
          "new_value": null
        }
      ],
      "fields_added": [
        "bill_length",
        "wing_length",
        "muscle_score",
        "fat_score",
        "moult_code",
        "weight",
        "tarsus_length"
      ],
      "fields_removed": [
        "measurement_2",
        "measurement_4",
        "measurement_1",
        "measurement_3"
      ],
      "fields_modified": [],
      "semantic_notes": [
        "Decimal coordinate format",
        "Pipe-delimited structure",
        "Enhanced biometric measurements"
      ],
      "format_changes": [
        "Field separator: |",
        "Total length: 102"
      ],
      "field_mappings": []
    },
    {
      "version": "euring_2020_official",
      "year": 2020,
      "changes": [
        {
          "change_type": "removed",
          "field_name": "fat_score",
          "semantic_impact": "Field removed from biometrics domain",
          "compatibility_impact": "lossy",
          "previous_value": "field_existed",
          "new_value": null
        },
        {
          "change_type": "removed",
          "field_name": "moult_code",
          "semantic_impact": "Field removed from biometrics domain",
          "compatibility_impact": "lossy",
          "previous_value": "field_existed",
          "new_value": null
        },
        {
          "change_type": "removed",
          "field_name": "muscle_score",
          "semantic_impact": "Field removed from biometrics domain",
          "compatibility_impact": "lossy",
          "previous_value": "field_existed",
          "new_value": null
        },
        {
          "change_type": "removed",
          "field_name": "bill_length",
          "semantic_impact": "Field removed from biometrics domain",
          "compatibility_impact": "lossy",
          "previous_value": "field_existed",
          "new_value": null
        },
        {
          "change_type": "removed",
          "field_name": "weight",
          "semantic_impact": "Field removed from biometrics domain",
          "compatibility_impact": "lossy",
          "previous_value": "field_existed",
          "new_value": null
        },
        {
          "change_type": "removed",
          "field_name": "wing_length",
          "semantic_impact": "Field removed from biometrics domain",
          "compatibility_impact": "lossy",
          "previous_value": "field_existed",
          "new_value": null
        },
        {
          "change_type": "removed",
          "field_name": "tarsus_length",
          "semantic_impact": "Field removed from biometrics domain",
          "compatibility_impact": "lossy",
          "previous_value": "field_existed",
          "new_value": null
        }
      ],
      "fields_added": [],
      "fields_removed": [
        "fat_score",
        "moult_code",
        "muscle_score",
        "bill_length",
        "weight",
        "wing_length",
        "tarsus_length"
      ],
      "fields_modified": [],
      "semantic_notes": [
        "Official SKOS thesaurus integration",
        "Precise field definitions with editorial notes",
        "Priority-based manipulation codes"
      ],
      "format_changes": [
        "Field separator: |",
        "Total length: 150"
      ],
      "field_mappings": []
    }
  ],
  "compatibility_matrix": {
    "domain": "biometrics",
    "compatibility_map": {
      "euring_1966->euring_1979": "incompatible",
      "euring_1966->euring_2000": "incompatible",
      "euring_1966->euring_2020": "incompatible",
      "euring_1966->euring_2020_official": "incompatible",
      "euring_1979->euring_1966": "incompatible",
      "euring_1979->euring_2000": "partial",
      "euring_1979->euring_2020": "partial",
      "euring_1979->euring_2020_official": "lossy",
      "euring_2000->euring_1966": "incompatible",
      "euring_2000->euring_1979": "lossy",
      "euring_2000->euring_2020": "partial",
      "euring_2000->euring_2020_official": "partial",
      "euring_2020->euring_1966": "incompatible",
      "euring_2020->euring_1979": "lossy",
      "euring_2020->euring_2000": "lossy",
      "euring_2020->euring_2020_official": "partial",
      "euring_2020_official->euring_1966": "incompatible",
      "euring_2020_official->euring_1979": "incompatible",
      "euring_2020_official->euring_2000": "lossy",
      "euring_2020_official->euring_2020": "partial"
    }
  },
  "field_evolution_map": {
    "wing_length": {
      "field_name": "wing_length",
      "semantic_domain": "biometrics",
      "versions_present": [
        "euring_1966",
        "euring_1979",
        "euring_2020"
      ],
      "format_changes": {
        "euring_1966": "Length: 3, Type: numeric",
        "euring_1979": "Length: 3, Type: numeric, Pattern: ^[0-9]{3}$",
        "euring_2020": "Length: 5, Type: decimal, Pattern: ^[0-9]+\\.[0-9]$"
      },
      "semantic_changes": {
        "euring_1966": "Biometric measurement - wing length",
        "euring_1979": "Biometric measurement - wing length",
        "euring_2020": "Biometric measurement - wing length"
      },
      "data_type_changes": {
        "euring_1966": "numeric",
        "euring_1979": "numeric",
        "euring_2020": "decimal"
      },
      "length_changes": {
        "euring_1966": 3,
        "euring_1979": 3,
        "euring_2020": 5
      },
      "validation_changes": {
        "euring_1966": [
          "format: len(value) == 3 and value.isdigit()"
        ],
        "euring_1979": [
          "format: len(value) == 3 and value.isdigit()"
        ],
        "euring_2020": [
          "range: float(value) > 0 and float(value) < 1000"
        ]
      }
    },
    "measurement_4": {
      "field_name": "measurement_4",
      "semantic_domain": "biometrics",
      "versions_present": [
        "euring_2000"
      ],
      "format_changes": {
        "euring_2000": "Length: 3, Type: numeric, Pattern: ^[0-9]{3}$"
      },
      "semantic_changes": {
        "euring_2000": "Biometric measurement 4"
      },
      "data_type_changes": {
        "euring_2000": "numeric"
      },
      "length_changes": {
        "euring_2000": 3
      },
      "validation_changes": {
        "euring_2000": []
      }
    },
    "fat_score": {
      "field_name": "fat_score",
      "semantic_domain": "biometrics",
      "versions_present": [
        "euring_2020"
      ],
      "format_changes": {
        "euring_2020": "Length: 1, Type: numeric, Pattern: ^[0-9]$"
      },
      "semantic_changes": {
        "euring_2020": "Body fat condition score"
      },
      "data_type_changes": {
        "euring_2020": "numeric"
      },
      "length_changes": {
        "euring_2020": 1
      },
      "validation_changes": {
        "euring_2020": []
      }
    },
    "muscle_score": {
      "field_name": "muscle_score",
      "semantic_domain": "biometrics",
      "versions_present": [
        "euring_2020"
      ],
      "format_changes": {
        "euring_2020": "Length: 1, Type: numeric, Pattern: ^[0-9]$"
      },
      "semantic_changes": {
        "euring_2020": "Body muscle condition score"
      },
      "data_type_changes": {
        "euring_2020": "numeric"
      },
      "length_changes": {
        "euring_2020": 1
      },
      "validation_changes": {
        "euring_2020": []
      }
    },
    "weight": {
      "field_name": "weight",
      "semantic_domain": "biometrics",
      "versions_present": [
        "euring_1966",
        "euring_1979",
        "euring_2020"
      ],
      "format_changes": {
        "euring_1966": "Length: 4, Type: numeric",
        "euring_1979": "Length: 4, Type: numeric, Pattern: ^[0-9]{4}$",
        "euring_2020": "Length: 4, Type: decimal, Pattern: ^[0-9]+\\.[0-9]$"
      },
      "semantic_changes": {
        "euring_1966": "Biometric measurement - body weight",
        "euring_1979": "Biometric measurement - body weight",
        "euring_2020": "Biometric measurement - body weight"
      },
      "data_type_changes": {
        "euring_1966": "numeric",
        "euring_1979": "numeric",
        "euring_2020": "decimal"
      },
      "length_changes": {
        "euring_1966": 4,
        "euring_1979": 4,
        "euring_2020": 4
      },
      "validation_changes": {
        "euring_1966": [
          "format: len(value) == 4 and value.isdigit()"
        ],
        "euring_1979": [
          "format: len(value) == 4 and value.isdigit()"
        ],
        "euring_2020": [
          "range: float(value) > 0 and float(value) < 10000"
        ]
      }
    },
    "additional_code_2": {
      "field_name": "additional_code_2",
      "semantic_domain": "biometrics",
      "versions_present": [
        "euring_1979"
      ],
      "format_changes": {
        "euring_1979": "Length: 3, Type: numeric, Pattern: ^[0-9]{3}$"
      },
      "semantic_changes": {
        "euring_1979": "Additional measurement or status code"
      },
      "data_type_changes": {
        "euring_1979": "numeric"
      },
      "length_changes": {
        "euring_1979": 3
      },
      "validation_changes": {
        "euring_1979": []
      }
    },
    "measurement_3": {
      "field_name": "measurement_3",
      "semantic_domain": "biometrics",
      "versions_present": [
        "euring_2000"
      ],
      "format_changes": {
        "euring_2000": "Length: 3, Type: numeric, Pattern: ^[0-9]{3}$"
      },
      "semantic_changes": {
        "euring_2000": "Biometric measurement 3"
      },
      "data_type_changes": {
        "euring_2000": "numeric"
      },
      "length_changes": {
        "euring_2000": 3
      },
      "validation_changes": {
        "euring_2000": []
      }
    },
    "bill_length": {
      "field_name": "bill_length",
      "semantic_domain": "biometrics",
      "versions_present": [
        "euring_1966",
        "euring_1979",
        "euring_2020"
      ],
      "format_changes": {
        "euring_1966": "Length: 4, Type: numeric",
        "euring_1979": "Length: 4, Type: numeric, Pattern: ^[0-9]{4}$",
        "euring_2020": "Length: 1, Type: numeric, Pattern: ^[0-9]$"
      },
      "semantic_changes": {
        "euring_1966": "Biometric measurement - bill length",
        "euring_1979": "Biometric measurement - bill length",
        "euring_2020": "Biometric measurement - bill length"
      },
      "data_type_changes": {
        "euring_1966": "numeric",
        "euring_1979": "numeric",
        "euring_2020": "numeric"
      },
      "length_changes": {
        "euring_1966": 4,
        "euring_1979": 4,
        "euring_2020": 1
      },
      "validation_changes": {
        "euring_1966": [
          "format: len(value) == 4 and value.isdigit()"
        ],
        "euring_1979": [
          "format: len(value) == 4 and value.isdigit()"
        ],
        "euring_2020": []
      }
    },
    "tarsus_length": {
      "field_name": "tarsus_length",
      "semantic_domain": "biometrics",
      "versions_present": [
        "euring_1979",
        "euring_2020"
      ],
      "format_changes": {
        "euring_1979": "Length: 2, Type: numeric, Pattern: ^[0-9]{2}$",
        "euring_2020": "Length: 1, Type: numeric, Pattern: ^[0-9]$"
      },
      "semantic_changes": {
        "euring_1979": "Biometric measurement - tarsus length",
        "euring_2020": "Biometric measurement - tarsus length"
      },
      "data_type_changes": {
        "euring_1979": "numeric",
        "euring_2020": "numeric"
      },
      "length_changes": {
        "euring_1979": 2,
        "euring_2020": 1
      },
      "validation_changes": {
        "euring_1979": [],
        "euring_2020": []
      }
    },
    "measurement_2": {
      "field_name": "measurement_2",
      "semantic_domain": "biometrics",
      "versions_present": [
        "euring_2000"
      ],
      "format_changes": {
        "euring_2000": "Length: 3, Type: numeric, Pattern: ^[0-9]{3}$"
      },
      "semantic_changes": {
        "euring_2000": "Biometric measurement 2"
      },
      "data_type_changes": {
        "euring_2000": "numeric"
      },
      "length_changes": {
        "euring_2000": 3
      },
      "validation_changes": {
        "euring_2000": []
      }
    },
    "moult_code": {
      "field_name": "moult_code",
      "semantic_domain": "biometrics",
      "versions_present": [
        "euring_2020"
      ],
      "format_changes": {
        "euring_2020": "Length: 1, Type: numeric, Pattern: ^[0-9]$"
      },
      "semantic_changes": {
        "euring_2020": "Feather moult condition"
      },
      "data_type_changes": {
        "euring_2020": "numeric"
      },
      "length_changes": {
        "euring_2020": 1
      },
      "validation_changes": {
        "euring_2020": []
      }
    },
    "measurement_1": {
      "field_name": "measurement_1",
      "semantic_domain": "biometrics",
      "versions_present": [
        "euring_2000"
      ],
      "format_changes": {
        "euring_2000": "Length: 4, Type: numeric, Pattern: ^[0-9]{4}$"
      },
      "semantic_changes": {
        "euring_2000": "Biometric measurement 1"
      },
      "data_type_changes": {
        "euring_2000": "numeric"
      },
      "length_changes": {
        "euring_2000": 4
      },
      "validation_changes": {
        "euring_2000": []
      }
    }
  }
}