{
  "domain": "methodology",
  "evolution_entries": [
    {
      "version": "euring_1966",
      "year": 1966,
      "changes": [
        {
          "change_type": "added",
          "field_name": "condition_code",
          "semantic_impact": "New field added to methodology domain",
          "compatibility_impact": "partial",
          "previous_value": null,
          "new_value": "field_added"
        },
        {
          "change_type": "added",
          "field_name": "method_code",
          "semantic_impact": "New field added to methodology domain",
          "compatibility_impact": "partial",
          "previous_value": null,
          "new_value": "field_added"
        }
      ],
      "fields_added": [
        "condition_code",
        "method_code"
      ],
      "fields_removed": [],
      "fields_modified": [],
      "semantic_notes": [],
      "format_changes": [
        "Field separator:  ",
        "Total length: 55"
      ],
      "field_mappings": []
    },
    {
      "version": "euring_1979",
      "year": 1979,
      "changes": [
        {
          "change_type": "added",
          "field_name": "empty_fields_1",
          "semantic_impact": "New field added to methodology domain",
          "compatibility_impact": "partial",
          "previous_value": null,
          "new_value": "field_added"
        },
        {
          "change_type": "added",
          "field_name": "empty_fields_3",
          "semantic_impact": "New field added to methodology domain",
          "compatibility_impact": "partial",
          "previous_value": null,
          "new_value": "field_added"
        },
        {
          "change_type": "added",
          "field_name": "status_code",
          "semantic_impact": "New field added to methodology domain",
          "compatibility_impact": "partial",
          "previous_value": null,
          "new_value": "field_added"
        },
        {
          "change_type": "added",
          "field_name": "empty_fields_2",
          "semantic_impact": "New field added to methodology domain",
          "compatibility_impact": "partial",
          "previous_value": null,
          "new_value": "field_added"
        },
        {
          "change_type": "added",
          "field_name": "padding",
          "semantic_impact": "New field added to methodology domain",
          "compatibility_impact": "partial",
          "previous_value": null,
          "new_value": "field_added"
        },
        {
          "change_type": "modified",
          "field_name": "condition_code",
          "semantic_impact": "Field modified in methodology domain",
          "compatibility_impact": "partial",
          "previous_value": "previous_format",
          "new_value": "new_format"
        },
        {
          "change_type": "modified",
          "field_name": "method_code",
          "semantic_impact": "Field modified in methodology domain",
          "compatibility_impact": "partial",
          "previous_value": "previous_format",
          "new_value": "new_format"
        }
      ],
      "fields_added": [
        "empty_fields_1",
        "empty_fields_3",
        "status_code",
        "empty_fields_2",
        "padding"
      ],
      "fields_removed": [],
      "fields_modified": [
        "condition_code",
        "method_code"
      ],
      "semantic_notes": [
        "Fixed-length format standardization",
        "Encoded coordinate system",
        "Additional measurement fields"
      ],
      "format_changes": [
        "Fixed-length format",
        "Total length: 78"
      ],
      "field_mappings": []
    },
    {
      "version": "euring_2000",
      "year": 2000,
      "changes": [
        {
          "change_type": "added",
          "field_name": "separator",
          "semantic_impact": "New field added to methodology domain",
          "compatibility_impact": "partial",
          "previous_value": null,
          "new_value": "field_added"
        },
        {
          "change_type": "added",
          "field_name": "final_code",
          "semantic_impact": "New field added to methodology domain",
          "compatibility_impact": "partial",
          "previous_value": null,
          "new_value": "field_added"
        },
        {
          "change_type": "removed",
          "field_name": "padding",
          "semantic_impact": "Field removed from methodology domain",
          "compatibility_impact": "lossy",
          "previous_value": "field_existed",
          "new_value": null
        },
        {
          "change_type": "removed",
          "field_name": "empty_fields_3",
          "semantic_impact": "Field removed from methodology domain",
          "compatibility_impact": "lossy",
          "previous_value": "field_existed",
          "new_value": null
        },
        {
          "change_type": "removed",
          "field_name": "condition_code",
          "semantic_impact": "Field removed from methodology domain",
          "compatibility_impact": "lossy",
          "previous_value": "field_existed",
          "new_value": null
        },
        {
          "change_type": "removed",
          "field_name": "method_code",
          "semantic_impact": "Field removed from methodology domain",
          "compatibility_impact": "lossy",
          "previous_value": "field_existed",
          "new_value": null
        },
        {
          "change_type": "modified",
          "field_name": "empty_fields_1",
          "semantic_impact": "Field modified in methodology domain",
          "compatibility_impact": "partial",
          "previous_value": "previous_format",
          "new_value": "new_format"
        },
        {
          "change_type": "modified",
          "field_name": "empty_fields_2",
          "semantic_impact": "Field modified in methodology domain",
          "compatibility_impact": "partial",
          "previous_value": "previous_format",
          "new_value": "new_format"
        },
        {
          "change_type": "modified",
          "field_name": "status_code",
          "semantic_impact": "Field modified in methodology domain",
          "compatibility_impact": "partial",
          "previous_value": "previous_format",
          "new_value": "new_format"
        }
      ],
      "fields_added": [
        "separator",
        "final_code"
      ],
      "fields_removed": [
        "padding",
        "empty_fields_3",
        "condition_code",
        "method_code"
      ],
      "fields_modified": [
        "empty_fields_1",
        "empty_fields_2",
        "status_code"
      ],
      "semantic_notes": [
        "Complex alphanumeric encoding",
        "Enhanced location accuracy"
      ],
      "format_changes": [
        "Fixed-length format",
        "Total length: 96"
      ],
      "field_mappings": []
    },
    {
      "version": "euring_2020",
      "year": 2020,
      "changes": [
        {
          "change_type": "added",
          "field_name": "condition_code",
          "semantic_impact": "New field added to methodology domain",
          "compatibility_impact": "partial",
          "previous_value": null,
          "new_value": "field_added"
        },
        {
          "change_type": "added",
          "field_name": "status_info",
          "semantic_impact": "New field added to methodology domain",
          "compatibility_impact": "partial",
          "previous_value": null,
          "new_value": "field_added"
        },
        {
          "change_type": "added",
          "field_name": "method_code",
          "semantic_impact": "New field added to methodology domain",
          "compatibility_impact": "partial",
          "previous_value": null,
          "new_value": "field_added"
        },
        {
          "change_type": "removed",
          "field_name": "empty_fields_1",
          "semantic_impact": "Field removed from methodology domain",
          "compatibility_impact": "lossy",
          "previous_value": "field_existed",
          "new_value": null
        },
        {
          "change_type": "removed",
          "field_name": "status_code",
          "semantic_impact": "Field removed from methodology domain",
          "compatibility_impact": "lossy",
          "previous_value": "field_existed",
          "new_value": null
        },
        {
          "change_type": "removed",
          "field_name": "separator",
          "semantic_impact": "Field removed from methodology domain",
          "compatibility_impact": "lossy",
          "previous_value": "field_existed",
          "new_value": null
        },
        {
          "change_type": "removed",
          "field_name": "final_code",
          "semantic_impact": "Field removed from methodology domain",
          "compatibility_impact": "lossy",
          "previous_value": "field_existed",
          "new_value": null
        },
        {
          "change_type": "removed",
          "field_name": "empty_fields_2",
          "semantic_impact": "Field removed from methodology domain",
          "compatibility_impact": "lossy",
          "previous_value": "field_existed",
          "new_value": null
        }
      ],
      "fields_added": [
        "condition_code",
        "status_info",
        "method_code"
      ],
      "fields_removed": [
        "empty_fields_1",
        "status_code",
        "separator",
        "final_code",
        "empty_fields_2"
      ],
      "fields_modified": [],
      "semantic_notes": [
        "Decimal coordinate format",
        "Pipe-delimited structure",
        "Enhanced biometric measurements"
      ],
      "format_changes": [
        "Field separator: |",
        "Total length: 102"
      ],
      "field_mappings": []
    },
    {
      "version": "euring_2020_official",
      "year": 2020,
      "changes": [
        {
          "change_type": "added",
          "field_name": "moved_before",
          "semantic_impact": "New field added to methodology domain",
          "compatibility_impact": "partial",
          "previous_value": null,
          "new_value": "field_added"
        },
        {
          "change_type": "added",
          "field_name": "catching_lures",
          "semantic_impact": "New field added to methodology domain",
          "compatibility_impact": "partial",
          "previous_value": null,
          "new_value": "field_added"
        },
        {
          "change_type": "added",
          "field_name": "manipulated",
          "semantic_impact": "New field added to methodology domain",
          "compatibility_impact": "partial",
          "previous_value": null,
          "new_value": "field_added"
        },
        {
          "change_type": "added",
          "field_name": "catching_method",
          "semantic_impact": "New field added to methodology domain",
          "compatibility_impact": "partial",
          "previous_value": null,
          "new_value": "field_added"
        },
        {
          "change_type": "removed",
          "field_name": "condition_code",
          "semantic_impact": "Field removed from methodology domain",
          "compatibility_impact": "lossy",
          "previous_value": "field_existed",
          "new_value": null
        },
        {
          "change_type": "removed",
          "field_name": "status_info",
          "semantic_impact": "Field removed from methodology domain",
          "compatibility_impact": "lossy",
          "previous_value": "field_existed",
          "new_value": null
        },
        {
          "change_type": "removed",
          "field_name": "method_code",
          "semantic_impact": "Field removed from methodology domain",
          "compatibility_impact": "lossy",
          "previous_value": "field_existed",
          "new_value": null
        }
      ],
      "fields_added": [
        "moved_before",
        "catching_lures",
        "manipulated",
        "catching_method"
      ],
      "fields_removed": [
        "condition_code",
        "status_info",
        "method_code"
      ],
      "fields_modified": [],
      "semantic_notes": [
        "Official SKOS thesaurus integration",
        "Precise field definitions with editorial notes",
        "Priority-based manipulation codes"
      ],
      "format_changes": [
        "Field separator: |",
        "Total length: 150"
      ],
      "field_mappings": []
    }
  ],
  "compatibility_matrix": {
    "domain": "methodology",
    "compatibility_map": {
      "euring->1966_euring_1979": "incompatible",
      "euring->1966_euring_2000": "incompatible",
      "euring->1966_euring_2020": "lossy",
      "euring->1966_euring_2020_official": "incompatible",
      "euring->1979_euring_1966": "incompatible",
      "euring->1979_euring_2000": "incompatible",
      "euring->1979_euring_2020": "incompatible",
      "euring->1979_euring_2020_official": "incompatible",
      "euring->2000_euring_1966": "incompatible",
      "euring->2000_euring_1979": "incompatible",
      "euring->2000_euring_2020": "incompatible",
      "euring->2000_euring_2020_official": "incompatible",
      "euring->2020_euring_1966": "lossy",
      "euring->2020_euring_1979": "incompatible",
      "euring->2020_euring_2000": "incompatible",
      "euring->2020_euring_2020_official": "incompatible",
      "euring->2020_official_euring_1966": "incompatible",
      "euring->2020_official_euring_1979": "incompatible",
      "euring->2020_official_euring_2000": "incompatible",
      "euring->2020_official_euring_2020": "incompatible"
    }
  },
  "field_evolution_map": {
    "catching_lures": {
      "field_name": "catching_lures",
      "semantic_domain": "methodology",
      "versions_present": [
        "euring_2020_official"
      ],
      "format_changes": {
        "euring_2020_official": "Length: 1, Type: alphanumeric, Pattern: ^[A-Z\\-]$"
      },
      "semantic_changes": {
        "euring_2020_official": "Type of lure used in capture"
      },
      "data_type_changes": {
        "euring_2020_official": "alphanumeric"
      },
      "length_changes": {
        "euring_2020_official": 1
      },
      "validation_changes": {
        "euring_2020_official": [
          "values: value in ['A', 'B', 'C', 'D', 'E', 'F', 'G', 'H', 'M', 'N', 'U', '-']"
        ]
      }
    },
    "condition_code": {
      "field_name": "condition_code",
      "semantic_domain": "methodology",
      "versions_present": [
        "euring_1966",
        "euring_1979",
        "euring_2020"
      ],
      "format_changes": {
        "euring_1966": "Length: 2, Type: numeric",
        "euring_1979": "Length: 2, Type: numeric, Pattern: ^[0-9]{2}$",
        "euring_2020": "Length: 1, Type: numeric, Pattern: ^[0-9]$"
      },
      "semantic_changes": {
        "euring_1966": "Bird condition at capture",
        "euring_1979": "Bird condition at capture",
        "euring_2020": "Bird condition at capture"
      },
      "data_type_changes": {
        "euring_1966": "numeric",
        "euring_1979": "numeric",
        "euring_2020": "numeric"
      },
      "length_changes": {
        "euring_1966": 2,
        "euring_1979": 2,
        "euring_2020": 1
      },
      "validation_changes": {
        "euring_1966": [
          "format: len(value) == 2 and value.isdigit()"
        ],
        "euring_1979": [],
        "euring_2020": []
      }
    },
    "final_code": {
      "field_name": "final_code",
      "semantic_domain": "methodology",
      "versions_present": [
        "euring_2000"
      ],
      "format_changes": {
        "euring_2000": "Length: 5, Type: numeric, Pattern: ^[0-9]{5}$"
      },
      "semantic_changes": {
        "euring_2000": "Record validation or checksum code"
      },
      "data_type_changes": {
        "euring_2000": "numeric"
      },
      "length_changes": {
        "euring_2000": 5
      },
      "validation_changes": {
        "euring_2000": [
          "format: len(value) == 5 and value.isdigit()"
        ]
      }
    },
    "status_code": {
      "field_name": "status_code",
      "semantic_domain": "methodology",
      "versions_present": [
        "euring_1979",
        "euring_2000"
      ],
      "format_changes": {
        "euring_1979": "Length: 1, Type: numeric, Pattern: ^[0-9]$",
        "euring_2000": "Length: 1, Type: alphanumeric, Pattern: ^[A-Z0-9]$"
      },
      "semantic_changes": {
        "euring_1979": "Bird status or condition",
        "euring_2000": "Bird status or condition"
      },
      "data_type_changes": {
        "euring_1979": "numeric",
        "euring_2000": "alphanumeric"
      },
      "length_changes": {
        "euring_1979": 1,
        "euring_2000": 1
      },
      "validation_changes": {
        "euring_1979": [],
        "euring_2000": []
      }
    },
    "status_info": {
      "field_name": "status_info",
      "semantic_domain": "methodology",
      "versions_present": [
        "euring_2020"
      ],
      "format_changes": {
        "euring_2020": "Length: 1, Type: numeric, Pattern: ^[0-9]$"
      },
      "semantic_changes": {
        "euring_2020": "Additional status information"
      },
      "data_type_changes": {
        "euring_2020": "numeric"
      },
      "length_changes": {
        "euring_2020": 1
      },
      "validation_changes": {
        "euring_2020": []
      }
    },
    "empty_fields_2": {
      "field_name": "empty_fields_2",
      "semantic_domain": "methodology",
      "versions_present": [
        "euring_1979",
        "euring_2000"
      ],
      "format_changes": {
        "euring_1979": "Length: 2, Type: string, Pattern: ^--$",
        "euring_2000": "Length: 3, Type: string, Pattern: ^---$"
      },
      "semantic_changes": {
        "euring_1979": "Placeholder for unused fields",
        "euring_2000": "Placeholder for unused fields"
      },
      "data_type_changes": {
        "euring_1979": "string",
        "euring_2000": "string"
      },
      "length_changes": {
        "euring_1979": 2,
        "euring_2000": 3
      },
      "validation_changes": {
        "euring_1979": [
          "exact: value == '--'"
        ],
        "euring_2000": [
          "exact: value == '---'"
        ]
      }
    },
    "padding": {
      "field_name": "padding",
      "semantic_domain": "methodology",
      "versions_present": [
        "euring_1979"
      ],
      "format_changes": {
        "euring_1979": "Length: 6, Type: string, Pattern: ^------$"
      },
      "semantic_changes": {
        "euring_1979": "End-of-record padding"
      },
      "data_type_changes": {
        "euring_1979": "string"
      },
      "length_changes": {
        "euring_1979": 6
      },
      "validation_changes": {
        "euring_1979": [
          "exact: value == '------'"
        ]
      }
    },
    "method_code": {
      "field_name": "method_code",
      "semantic_domain": "methodology",
      "versions_present": [
        "euring_1966",
        "euring_1979",
        "euring_2020"
      ],
      "format_changes": {
        "euring_1966": "Length: 1, Type: numeric",
        "euring_1979": "Length: 1, Type: numeric, Pattern: ^[0-9]$",
        "euring_2020": "Length: 2, Type: numeric, Pattern: ^[0-9]{2}$"
      },
      "semantic_changes": {
        "euring_1966": "Method used for capture/observation",
        "euring_1979": "Method used for capture/observation",
        "euring_2020": "Method used for capture/observation"
      },
      "data_type_changes": {
        "euring_1966": "numeric",
        "euring_1979": "numeric",
        "euring_2020": "numeric"
      },
      "length_changes": {
        "euring_1966": 1,
        "euring_1979": 1,
        "euring_2020": 2
      },
      "validation_changes": {
        "euring_1966": [
          "format: len(value) == 1 and value.isdigit()"
        ],
        "euring_1979": [],
        "euring_2020": [
          "format: len(value) == 2 and value.isdigit()"
        ]
      }
    },
    "empty_fields_3": {
      "field_name": "empty_fields_3",
      "semantic_domain": "methodology",
      "versions_present": [
        "euring_1979"
      ],
      "format_changes": {
        "euring_1979": "Length: 2, Type: string, Pattern: ^--$"
      },
      "semantic_changes": {
        "euring_1979": "Placeholder for unused fields"
      },
      "data_type_changes": {
        "euring_1979": "string"
      },
      "length_changes": {
        "euring_1979": 2
      },
      "validation_changes": {
        "euring_1979": [
          "exact: value == '--'"
        ]
      }
    },
    "moved_before": {
      "field_name": "moved_before",
      "semantic_domain": "methodology",
      "versions_present": [
        "euring_2020_official"
      ],
      "format_changes": {
        "euring_2020_official": "Length: 1, Type: numeric, Pattern: ^[0-9]$"
      },
      "semantic_changes": {
        "euring_2020_official": "Movement status before capture/recovery"
      },
      "data_type_changes": {
        "euring_2020_official": "numeric"
      },
      "length_changes": {
        "euring_2020_official": 1
      },
      "validation_changes": {
        "euring_2020_official": [
          "values: value in ['0', '2', '4', '6', '9']"
        ]
      }
    },
    "catching_method": {
      "field_name": "catching_method",
      "semantic_domain": "methodology",
      "versions_present": [
        "euring_2020_official"
      ],
      "format_changes": {
        "euring_2020_official": "Length: 1, Type: alphanumeric, Pattern: ^[A-Z\\-]$"
      },
      "semantic_changes": {
        "euring_2020_official": "Capture method employed"
      },
      "data_type_changes": {
        "euring_2020_official": "alphanumeric"
      },
      "length_changes": {
        "euring_2020_official": 1
      },
      "validation_changes": {
        "euring_2020_official": [
          "values: value in ['A', 'B', 'C', 'D', 'F', 'G', 'H', 'L', 'M', 'N', 'O', 'P', 'R', 'S', 'T', 'U', 'V', 'W', 'Z', '-']"
        ]
      }
    },
    "manipulated": {
      "field_name": "manipulated",
      "semantic_domain": "methodology",
      "versions_present": [
        "euring_2020_official"
      ],
      "format_changes": {
        "euring_2020_official": "Length: 1, Type: alphanumeric, Pattern: ^[A-Z]$"
      },
      "semantic_changes": {
        "euring_2020_official": "Type of manipulation performed on bird"
      },
      "data_type_changes": {
        "euring_2020_official": "alphanumeric"
      },
      "length_changes": {
        "euring_2020_official": 1
      },
      "validation_changes": {
        "euring_2020_official": [
          "values: value in ['N', 'H', 'K', 'C', 'F', 'T', 'M', 'R', 'E', 'P', 'U']"
        ]
      }
    },
    "empty_fields_1": {
      "field_name": "empty_fields_1",
      "semantic_domain": "methodology",
      "versions_present": [
        "euring_1979",
        "euring_2000"
      ],
      "format_changes": {
        "euring_1979": "Length: 2, Type: string, Pattern: ^--$",
        "euring_2000": "Length: 5, Type: string, Pattern: ^-----$"
      },
      "semantic_changes": {
        "euring_1979": "Placeholder for unused fields",
        "euring_2000": "Placeholder for unused fields"
      },
      "data_type_changes": {
        "euring_1979": "string",
        "euring_2000": "string"
      },
      "length_changes": {
        "euring_1979": 2,
        "euring_2000": 5
      },
      "validation_changes": {
        "euring_1979": [
          "exact: value == '--'"
        ],
        "euring_2000": [
          "exact: value == '-----'"
        ]
      }
    },
    "separator": {
      "field_name": "separator",
      "semantic_domain": "methodology",
      "versions_present": [
        "euring_2000"
      ],
      "format_changes": {
        "euring_2000": "Length: 3, Type: string, Pattern: ^\\.\\.\\.$"
      },
      "semantic_changes": {
        "euring_2000": "Field delimiter"
      },
      "data_type_changes": {
        "euring_2000": "string"
      },
      "length_changes": {
        "euring_2000": 3
      },
      "validation_changes": {
        "euring_2000": [
          "exact: value == '...'"
        ]
      }
    }
  }
}