{
  "domain": "spatial",
  "evolution_entries": [
    {
      "version": "euring_1966",
      "year": 1966,
      "changes": [
        {
          "change_type": "added",
          "field_name": "longitude",
          "semantic_impact": "New field added to spatial domain",
          "compatibility_impact": "partial",
          "previous_value": null,
          "new_value": "field_added"
        },
        {
          "change_type": "added",
          "field_name": "latitude",
          "semantic_impact": "New field added to spatial domain",
          "compatibility_impact": "partial",
          "previous_value": null,
          "new_value": "field_added"
        }
      ],
      "fields_added": [
        "longitude",
        "latitude"
      ],
      "fields_removed": [],
      "fields_modified": [],
      "semantic_notes": [],
      "format_changes": [
        "Field separator:  ",
        "Total length: 55"
      ],
      "field_mappings": []
    },
    {
      "version": "euring_1979",
      "year": 1979,
      "changes": [
        {
          "change_type": "added",
          "field_name": "longitude_encoded",
          "semantic_impact": "New field added to spatial domain",
          "compatibility_impact": "partial",
          "previous_value": null,
          "new_value": "field_added"
        },
        {
          "change_type": "added",
          "field_name": "latitude_encoded",
          "semantic_impact": "New field added to spatial domain",
          "compatibility_impact": "partial",
          "previous_value": null,
          "new_value": "field_added"
        },
        {
          "change_type": "added",
          "field_name": "accuracy_code",
          "semantic_impact": "New field added to spatial domain",
          "compatibility_impact": "partial",
          "previous_value": null,
          "new_value": "field_added"
        },
        {
          "change_type": "removed",
          "field_name": "longitude",
          "semantic_impact": "Field removed from spatial domain",
          "compatibility_impact": "lossy",
          "previous_value": "field_existed",
          "new_value": null
        },
        {
          "change_type": "removed",
          "field_name": "latitude",
          "semantic_impact": "Field removed from spatial domain",
          "compatibility_impact": "lossy",
          "previous_value": "field_existed",
          "new_value": null
        }
      ],
      "fields_added": [
        "longitude_encoded",
        "latitude_encoded",
        "accuracy_code"
      ],
      "fields_removed": [
        "longitude",
        "latitude"
      ],
      "fields_modified": [],
      "semantic_notes": [
        "Fixed-length format standardization",
        "Encoded coordinate system",
        "Additional measurement fields"
      ],
      "format_changes": [
        "Fixed-length format",
        "Total length: 78"
      ],
      "field_mappings": []
    },
    {
      "version": "euring_2000",
      "year": 2000,
      "changes": [
        {
          "change_type": "added",
          "field_name": "longitude_value",
          "semantic_impact": "New field added to spatial domain",
          "compatibility_impact": "partial",
          "previous_value": null,
          "new_value": "field_added"
        },
        {
          "change_type": "added",
          "field_name": "latitude_sign",
          "semantic_impact": "New field added to spatial domain",
          "compatibility_impact": "partial",
          "previous_value": null,
          "new_value": "field_added"
        },
        {
          "change_type": "added",
          "field_name": "latitude_value",
          "semantic_impact": "New field added to spatial domain",
          "compatibility_impact": "partial",
          "previous_value": null,
          "new_value": "field_added"
        },
        {
          "change_type": "added",
          "field_name": "location_code",
          "semantic_impact": "New field added to spatial domain",
          "compatibility_impact": "partial",
          "previous_value": null,
          "new_value": "field_added"
        },
        {
          "change_type": "added",
          "field_name": "longitude_sign",
          "semantic_impact": "New field added to spatial domain",
          "compatibility_impact": "partial",
          "previous_value": null,
          "new_value": "field_added"
        },
        {
          "change_type": "added",
          "field_name": "region_code",
          "semantic_impact": "New field added to spatial domain",
          "compatibility_impact": "partial",
          "previous_value": null,
          "new_value": "field_added"
        },
        {
          "change_type": "removed",
          "field_name": "longitude_encoded",
          "semantic_impact": "Field removed from spatial domain",
          "compatibility_impact": "lossy",
          "previous_value": "field_existed",
          "new_value": null
        },
        {
          "change_type": "removed",
          "field_name": "latitude_encoded",
          "semantic_impact": "Field removed from spatial domain",
          "compatibility_impact": "lossy",
          "previous_value": "field_existed",
          "new_value": null
        },
        {
          "change_type": "modified",
          "field_name": "accuracy_code",
          "semantic_impact": "Field modified in spatial domain",
          "compatibility_impact": "partial",
          "previous_value": "previous_format",
          "new_value": "new_format"
        }
      ],
      "fields_added": [
        "longitude_value",
        "latitude_sign",
        "latitude_value",
        "location_code",
        "longitude_sign",
        "region_code"
      ],
      "fields_removed": [
        "longitude_encoded",
        "latitude_encoded"
      ],
      "fields_modified": [
        "accuracy_code"
      ],
      "semantic_notes": [
        "Complex alphanumeric encoding",
        "Enhanced location accuracy"
      ],
      "format_changes": [
        "Fixed-length format",
        "Total length: 96"
      ],
      "field_mappings": []
    },
    {
      "version": "euring_2020",
      "year": 2020,
      "changes": [
        {
          "change_type": "added",
          "field_name": "longitude_decimal",
          "semantic_impact": "New field added to spatial domain",
          "compatibility_impact": "partial",
          "previous_value": null,
          "new_value": "field_added"
        },
        {
          "change_type": "added",
          "field_name": "latitude_decimal",
          "semantic_impact": "New field added to spatial domain",
          "compatibility_impact": "partial",
          "previous_value": null,
          "new_value": "field_added"
        },
        {
          "change_type": "removed",
          "field_name": "longitude_value",
          "semantic_impact": "Field removed from spatial domain",
          "compatibility_impact": "lossy",
          "previous_value": "field_existed",
          "new_value": null
        },
        {
          "change_type": "removed",
          "field_name": "latitude_sign",
          "semantic_impact": "Field removed from spatial domain",
          "compatibility_impact": "lossy",
          "previous_value": "field_existed",
          "new_value": null
        },
        {
          "change_type": "removed",
          "field_name": "latitude_value",
          "semantic_impact": "Field removed from spatial domain",
          "compatibility_impact": "lossy",
          "previous_value": "field_existed",
          "new_value": null
        },
        {
          "change_type": "removed",
          "field_name": "location_code",
          "semantic_impact": "Field removed from spatial domain",
          "compatibility_impact": "lossy",
          "previous_value": "field_existed",
          "new_value": null
        },
        {
          "change_type": "removed",
          "field_name": "longitude_sign",
          "semantic_impact": "Field removed from spatial domain",
          "compatibility_impact": "lossy",
          "previous_value": "field_existed",
          "new_value": null
        },
        {
          "change_type": "removed",
          "field_name": "region_code",
          "semantic_impact": "Field removed from spatial domain",
          "compatibility_impact": "lossy",
          "previous_value": "field_existed",
          "new_value": null
        },
        {
          "change_type": "modified",
          "field_name": "accuracy_code",
          "semantic_impact": "Field modified in spatial domain",
          "compatibility_impact": "partial",
          "previous_value": "previous_format",
          "new_value": "new_format"
        }
      ],
      "fields_added": [
        "longitude_decimal",
        "latitude_decimal"
      ],
      "fields_removed": [
        "longitude_value",
        "latitude_sign",
        "latitude_value",
        "location_code",
        "longitude_sign",
        "region_code"
      ],
      "fields_modified": [
        "accuracy_code"
      ],
      "semantic_notes": [
        "Decimal coordinate format",
        "Pipe-delimited structure",
        "Enhanced biometric measurements"
      ],
      "format_changes": [
        "Field separator: |",
        "Total length: 102"
      ],
      "field_mappings": []
    },
    {
      "version": "euring_2020_official",
      "year": 2020,
      "changes": [
        {
          "change_type": "removed",
          "field_name": "longitude_decimal",
          "semantic_impact": "Field removed from spatial domain",
          "compatibility_impact": "lossy",
          "previous_value": "field_existed",
          "new_value": null
        },
        {
          "change_type": "removed",
          "field_name": "latitude_decimal",
          "semantic_impact": "Field removed from spatial domain",
          "compatibility_impact": "lossy",
          "previous_value": "field_existed",
          "new_value": null
        },
        {
          "change_type": "removed",
          "field_name": "accuracy_code",
          "semantic_impact": "Field removed from spatial domain",
          "compatibility_impact": "lossy",
          "previous_value": "field_existed",
          "new_value": null
        }
      ],
      "fields_added": [],
      "fields_removed": [
        "longitude_decimal",
        "latitude_decimal",
        "accuracy_code"
      ],
      "fields_modified": [],
      "semantic_notes": [
        "Official SKOS thesaurus integration",
        "Precise field definitions with editorial notes",
        "Priority-based manipulation codes"
      ],
      "format_changes": [
        "Field separator: |",
        "Total length: 150"
      ],
      "field_mappings": []
    }
  ],
  "compatibility_matrix": {
    "domain": "spatial",
    "compatibility_map": {
      "euring->1966_euring_1979": "incompatible",
      "euring->1966_euring_2000": "incompatible",
      "euring->1966_euring_2020": "incompatible",
      "euring->1966_euring_2020_official": "incompatible",
      "euring->1979_euring_1966": "incompatible",
      "euring->1979_euring_2000": "incompatible",
      "euring->1979_euring_2020": "incompatible",
      "euring->1979_euring_2020_official": "incompatible",
      "euring->2000_euring_1966": "incompatible",
      "euring->2000_euring_1979": "incompatible",
      "euring->2000_euring_2020": "incompatible",
      "euring->2000_euring_2020_official": "incompatible",
      "euring->2020_euring_1966": "incompatible",
      "euring->2020_euring_1979": "incompatible",
      "euring->2020_euring_2000": "incompatible",
      "euring->2020_euring_2020_official": "incompatible",
      "euring->2020_official_euring_1966": "incompatible",
      "euring->2020_official_euring_1979": "incompatible",
      "euring->2020_official_euring_2000": "incompatible",
      "euring->2020_official_euring_2020": "incompatible"
    }
  },
  "field_evolution_map": {
    "longitude_decimal": {
      "field_name": "longitude_decimal",
      "semantic_domain": "spatial",
      "versions_present": [
        "euring_2020"
      ],
      "format_changes": {
        "euring_2020": "Length: 9, Type: decimal, Pattern: ^[+-]?[0-9]+\\.[0-9]+$"
      },
      "semantic_changes": {
        "euring_2020": "Geographic longitude coordinate"
      },
      "data_type_changes": {
        "euring_2020": "decimal"
      },
      "length_changes": {
        "euring_2020": 9
      },
      "validation_changes": {
        "euring_2020": [
          "range: -180 <= float(value) <= 180"
        ]
      }
    },
    "latitude": {
      "field_name": "latitude",
      "semantic_domain": "spatial",
      "versions_present": [
        "euring_1966"
      ],
      "format_changes": {
        "euring_1966": "Length: 5, Type: coordinate, Pattern: ^[0-9]{4}[NS]$"
      },
      "semantic_changes": {
        "euring_1966": "Geographic latitude"
      },
      "data_type_changes": {
        "euring_1966": "coordinate"
      },
      "length_changes": {
        "euring_1966": 5
      },
      "validation_changes": {
        "euring_1966": [
          "format: len(value) == 5 and value[:-1].isdigit() and value[-1] in ['N', 'S'] and 0 <= int(value[:2]) <= 90 and 0 <= int(value[2:4]) <= 59"
        ]
      }
    },
    "longitude_value": {
      "field_name": "longitude_value",
      "semantic_domain": "spatial",
      "versions_present": [
        "euring_2000"
      ],
      "format_changes": {
        "euring_2000": "Length: 6, Type: numeric, Pattern: ^[0-9]{6}$"
      },
      "semantic_changes": {
        "euring_2000": "Geographic longitude coordinate"
      },
      "data_type_changes": {
        "euring_2000": "numeric"
      },
      "length_changes": {
        "euring_2000": 6
      },
      "validation_changes": {
        "euring_2000": [
          "format: len(value) == 6 and value.isdigit()"
        ]
      }
    },
    "latitude_decimal": {
      "field_name": "latitude_decimal",
      "semantic_domain": "spatial",
      "versions_present": [
        "euring_2020"
      ],
      "format_changes": {
        "euring_2020": "Length: 8, Type: decimal, Pattern: ^[+-]?[0-9]+\\.[0-9]+$"
      },
      "semantic_changes": {
        "euring_2020": "Geographic latitude coordinate"
      },
      "data_type_changes": {
        "euring_2020": "decimal"
      },
      "length_changes": {
        "euring_2020": 8
      },
      "validation_changes": {
        "euring_2020": [
          "range: -90 <= float(value) <= 90"
        ]
      }
    },
    "accuracy_code": {
      "field_name": "accuracy_code",
      "semantic_domain": "spatial",
      "versions_present": [
        "euring_1979",
        "euring_2000",
        "euring_2020"
      ],
      "format_changes": {
        "euring_1979": "Length: 2, Type: numeric, Pattern: ^[0-9]{2}$",
        "euring_2000": "Length: 2, Type: alphanumeric, Pattern: ^[A-Z0-9]{2}$",
        "euring_2020": "Length: 2, Type: numeric, Pattern: ^[0-9]{2}$"
      },
      "semantic_changes": {
        "euring_1979": "Accuracy of location coordinates",
        "euring_2000": "Accuracy of location coordinates",
        "euring_2020": "Accuracy of location coordinates"
      },
      "data_type_changes": {
        "euring_1979": "numeric",
        "euring_2000": "alphanumeric",
        "euring_2020": "numeric"
      },
      "length_changes": {
        "euring_1979": 2,
        "euring_2000": 2,
        "euring_2020": 2
      },
      "validation_changes": {
        "euring_1979": [],
        "euring_2000": [],
        "euring_2020": [
          "format: len(value) == 2 and value.isdigit()"
        ]
      }
    },
    "latitude_value": {
      "field_name": "latitude_value",
      "semantic_domain": "spatial",
      "versions_present": [
        "euring_2000"
      ],
      "format_changes": {
        "euring_2000": "Length: 6, Type: numeric, Pattern: ^[0-9]{6}$"
      },
      "semantic_changes": {
        "euring_2000": "Geographic latitude coordinate"
      },
      "data_type_changes": {
        "euring_2000": "numeric"
      },
      "length_changes": {
        "euring_2000": 6
      },
      "validation_changes": {
        "euring_2000": [
          "format: len(value) == 6 and value.isdigit()"
        ]
      }
    },
    "latitude_encoded": {
      "field_name": "latitude_encoded",
      "semantic_domain": "spatial",
      "versions_present": [
        "euring_1979"
      ],
      "format_changes": {
        "euring_1979": "Length: 6, Type: encoded, Pattern: ^[0-9]{6}$"
      },
      "semantic_changes": {
        "euring_1979": "Geographic latitude"
      },
      "data_type_changes": {
        "euring_1979": "encoded"
      },
      "length_changes": {
        "euring_1979": 6
      },
      "validation_changes": {
        "euring_1979": [
          "format: len(value) == 6 and value[:-1].isdigit() and value[-1] in ['N', 'S'] and 0 <= int(value[:2]) <= 90 and 0 <= int(value[2:4]) <= 59"
        ]
      }
    },
    "location_code": {
      "field_name": "location_code",
      "semantic_domain": "spatial",
      "versions_present": [
        "euring_2000"
      ],
      "format_changes": {
        "euring_2000": "Length: 5, Type: alphanumeric, Pattern: ^[A-Z0-9]{5}$"
      },
      "semantic_changes": {
        "euring_2000": "Geographic location identifier"
      },
      "data_type_changes": {
        "euring_2000": "alphanumeric"
      },
      "length_changes": {
        "euring_2000": 5
      },
      "validation_changes": {
        "euring_2000": []
      }
    },
    "region_code": {
      "field_name": "region_code",
      "semantic_domain": "spatial",
      "versions_present": [
        "euring_2000"
      ],
      "format_changes": {
        "euring_2000": "Length: 4, Type: alphanumeric, Pattern: ^[A-Z0-9]{4}$"
      },
      "semantic_changes": {
        "euring_2000": "Geographic region identifier"
      },
      "data_type_changes": {
        "euring_2000": "alphanumeric"
      },
      "length_changes": {
        "euring_2000": 4
      },
      "validation_changes": {
        "euring_2000": []
      }
    },
    "longitude": {
      "field_name": "longitude",
      "semantic_domain": "spatial",
      "versions_present": [
        "euring_1966"
      ],
      "format_changes": {
        "euring_1966": "Length: 6, Type: coordinate, Pattern: ^[0-9]{5}[EW]$"
      },
      "semantic_changes": {
        "euring_1966": "Geographic longitude"
      },
      "data_type_changes": {
        "euring_1966": "coordinate"
      },
      "length_changes": {
        "euring_1966": 6
      },
      "validation_changes": {
        "euring_1966": [
          "format: len(value) == 6 and value[:-1].isdigit() and value[-1] in ['E', 'W'] and 0 <= int(value[:3]) <= 180 and 0 <= int(value[3:5]) <= 59"
        ]
      }
    },
    "longitude_encoded": {
      "field_name": "longitude_encoded",
      "semantic_domain": "spatial",
      "versions_present": [
        "euring_1979"
      ],
      "format_changes": {
        "euring_1979": "Length: 6, Type: encoded, Pattern: ^[A-Z0-9]{6}$"
      },
      "semantic_changes": {
        "euring_1979": "Geographic longitude"
      },
      "data_type_changes": {
        "euring_1979": "encoded"
      },
      "length_changes": {
        "euring_1979": 6
      },
      "validation_changes": {
        "euring_1979": [
          "format: len(value) == 6 and value[:-1].isdigit() and value[-1] in ['E', 'W'] and 0 <= int(value[:3]) <= 180 and 0 <= int(value[3:5]) <= 59"
        ]
      }
    },
    "longitude_sign": {
      "field_name": "longitude_sign",
      "semantic_domain": "spatial",
      "versions_present": [
        "euring_2000"
      ],
      "format_changes": {
        "euring_2000": "Length: 1, Type: string, Pattern: ^[+-]$"
      },
      "semantic_changes": {
        "euring_2000": "Longitude hemisphere indicator"
      },
      "data_type_changes": {
        "euring_2000": "string"
      },
      "length_changes": {
        "euring_2000": 1
      },
      "validation_changes": {
        "euring_2000": [
          "exact: value in ['+', '-']"
        ]
      }
    },
    "latitude_sign": {
      "field_name": "latitude_sign",
      "semantic_domain": "spatial",
      "versions_present": [
        "euring_2000"
      ],
      "format_changes": {
        "euring_2000": "Length: 1, Type: string, Pattern: ^[+-]$"
      },
      "semantic_changes": {
        "euring_2000": "Latitude hemisphere indicator"
      },
      "data_type_changes": {
        "euring_2000": "string"
      },
      "length_changes": {
        "euring_2000": 1
      },
      "validation_changes": {
        "euring_2000": [
          "exact: value in ['+', '-']"
        ]
      }
    }
  }
}