{
  "domain": "species",
  "evolution_entries": [
    {
      "version": "euring_1966",
      "year": 1966,
      "changes": [
        {
          "change_type": "added",
          "field_name": "species_code",
          "semantic_impact": "New field added to species domain",
          "compatibility_impact": "partial",
          "previous_value": null,
          "new_value": "field_added"
        }
      ],
      "fields_added": [
        "species_code"
      ],
      "fields_removed": [],
      "fields_modified": [],
      "semantic_notes": [],
      "format_changes": [
        "Field separator:  ",
        "Total length: 55"
      ],
      "field_mappings": []
    },
    {
      "version": "euring_1979",
      "year": 1979,
      "changes": [
        {
          "change_type": "added",
          "field_name": "additional_code_1",
          "semantic_impact": "New field added to species domain",
          "compatibility_impact": "partial",
          "previous_value": null,
          "new_value": "field_added"
        },
        {
          "change_type": "modified",
          "field_name": "species_code",
          "semantic_impact": "Field modified in species domain",
          "compatibility_impact": "partial",
          "previous_value": "previous_format",
          "new_value": "new_format"
        }
      ],
      "fields_added": [
        "additional_code_1"
      ],
      "fields_removed": [],
      "fields_modified": [
        "species_code"
      ],
      "semantic_notes": [
        "Fixed-length format standardization",
        "Encoded coordinate system",
        "Additional measurement fields"
      ],
      "format_changes": [
        "Fixed-length format",
        "Total length: 78"
      ],
      "field_mappings": []
    },
    {
      "version": "euring_2000",
      "year": 2000,
      "changes": [
        {
          "change_type": "added",
          "field_name": "additional_codes",
          "semantic_impact": "New field added to species domain",
          "compatibility_impact": "partial",
          "previous_value": null,
          "new_value": "field_added"
        },
        {
          "change_type": "removed",
          "field_name": "additional_code_1",
          "semantic_impact": "Field removed from species domain",
          "compatibility_impact": "lossy",
          "previous_value": "field_existed",
          "new_value": null
        },
        {
          "change_type": "removed",
          "field_name": "species_code",
          "semantic_impact": "Field removed from species domain",
          "compatibility_impact": "lossy",
          "previous_value": "field_existed",
          "new_value": null
        }
      ],
      "fields_added": [
        "additional_codes"
      ],
      "fields_removed": [
        "additional_code_1",
        "species_code"
      ],
      "fields_modified": [],
      "semantic_notes": [
        "Complex alphanumeric encoding",
        "Enhanced location accuracy"
      ],
      "format_changes": [
        "Fixed-length format",
        "Total length: 96"
      ],
      "field_mappings": []
    },
    {
      "version": "euring_2020",
      "year": 2020,
      "changes": [
        {
          "change_type": "added",
          "field_name": "species_code",
          "semantic_impact": "New field added to species domain",
          "compatibility_impact": "partial",
          "previous_value": null,
          "new_value": "field_added"
        },
        {
          "change_type": "removed",
          "field_name": "additional_codes",
          "semantic_impact": "Field removed from species domain",
          "compatibility_impact": "lossy",
          "previous_value": "field_existed",
          "new_value": null
        }
      ],
      "fields_added": [
        "species_code"
      ],
      "fields_removed": [
        "additional_codes"
      ],
      "fields_modified": [],
      "semantic_notes": [
        "Decimal coordinate format",
        "Pipe-delimited structure",
        "Enhanced biometric measurements"
      ],
      "format_changes": [
        "Field separator: |",
        "Total length: 102"
      ],
      "field_mappings": []
    },
    {
      "version": "euring_2020_official",
      "year": 2020,
      "changes": [
        {
          "change_type": "added",
          "field_name": "species_as_mentioned_by_finder",
          "semantic_impact": "New field added to species domain",
          "compatibility_impact": "partial",
          "previous_value": null,
          "new_value": "field_added"
        },
        {
          "change_type": "added",
          "field_name": "species_as_mentioned_by_scheme",
          "semantic_impact": "New field added to species domain",
          "compatibility_impact": "partial",
          "previous_value": null,
          "new_value": "field_added"
        },
        {
          "change_type": "removed",
          "field_name": "species_code",
          "semantic_impact": "Field removed from species domain",
          "compatibility_impact": "lossy",
          "previous_value": "field_existed",
          "new_value": null
        }
      ],
      "fields_added": [
        "species_as_mentioned_by_finder",
        "species_as_mentioned_by_scheme"
      ],
      "fields_removed": [
        "species_code"
      ],
      "fields_modified": [],
      "semantic_notes": [
        "Official SKOS thesaurus integration",
        "Precise field definitions with editorial notes",
        "Priority-based manipulation codes"
      ],
      "format_changes": [
        "Field separator: |",
        "Total length: 150"
      ],
      "field_mappings": []
    }
  ],
  "compatibility_matrix": {
    "domain": "species",
    "compatibility_map": {
      "euring_1966->euring_1979": "partial",
      "euring_1966->euring_2000": "partial",
      "euring_1966->euring_2020": "full",
      "euring_1966->euring_2020_official": "partial",
      "euring_1979->euring_1966": "partial",
      "euring_1979->euring_2000": "partial",
      "euring_1979->euring_2020": "partial",
      "euring_1979->euring_2020_official": "partial",
      "euring_2000->euring_1966": "partial",
      "euring_2000->euring_1979": "partial",
      "euring_2000->euring_2020": "full",
      "euring_2000->euring_2020_official": "partial",
      "euring_2020->euring_1966": "full",
      "euring_2020->euring_1979": "partial",
      "euring_2020->euring_2000": "full",
      "euring_2020->euring_2020_official": "partial",
      "euring_2020_official->euring_1966": "partial",
      "euring_2020_official->euring_1979": "partial",
      "euring_2020_official->euring_2000": "partial",
      "euring_2020_official->euring_2020": "partial"
    }
  },
  "field_evolution_map": {
    "species_code": {
      "field_name": "species_code",
      "semantic_domain": "species",
      "versions_present": [
        "euring_1966",
        "euring_1979",
        "euring_2020"
      ],
      "format_changes": {
        "euring_1966": "Length: 4, Type: numeric",
        "euring_1979": "Length: 5, Type: numeric, Pattern: ^[0-9]{5}$",
        "euring_2020": "Length: 5, Type: numeric, Pattern: ^[0-9]{5}$"
      },
      "semantic_changes": {
        "euring_1966": "EURING species code",
        "euring_1979": "EURING species code",
        "euring_2020": "EURING species code"
      },
      "data_type_changes": {
        "euring_1966": "numeric",
        "euring_1979": "numeric",
        "euring_2020": "numeric"
      },
      "length_changes": {
        "euring_1966": 4,
        "euring_1979": 5,
        "euring_2020": 5
      },
      "validation_changes": {
        "euring_1966": [
          "format: value.isdigit() and len(value) == 4"
        ],
        "euring_1979": [
          "format: value.isdigit() and len(value) == 5"
        ],
        "euring_2020": [
          "format: value.isdigit() and len(value) == 5"
        ]
      }
    },
    "species_as_mentioned_by_scheme": {
      "field_name": "species_as_mentioned_by_scheme",
      "semantic_domain": "species",
      "versions_present": [
        "euring_2020_official"
      ],
      "format_changes": {
        "euring_2020_official": "Length: 5, Type: numeric, Pattern: ^[0-9]{5}$"
      },
      "semantic_changes": {
        "euring_2020_official": "Verified species identification by scheme"
      },
      "data_type_changes": {
        "euring_2020_official": "numeric"
      },
      "length_changes": {
        "euring_2020_official": 5
      },
      "validation_changes": {
        "euring_2020_official": [
          "format: len(value) == 5 and value.isdigit()"
        ]
      }
    },
    "species_as_mentioned_by_finder": {
      "field_name": "species_as_mentioned_by_finder",
      "semantic_domain": "species",
      "versions_present": [
        "euring_2020_official"
      ],
      "format_changes": {
        "euring_2020_official": "Length: 5, Type: numeric, Pattern: ^[0-9]{5}$"
      },
      "semantic_changes": {
        "euring_2020_official": "Species identification by person who found/handled bird"
      },
      "data_type_changes": {
        "euring_2020_official": "numeric"
      },
      "length_changes": {
        "euring_2020_official": 5
      },
      "validation_changes": {
        "euring_2020_official": [
          "format: len(value) == 5 and value.isdigit()"
        ]
      }
    },
    "additional_codes": {
      "field_name": "additional_codes",
      "semantic_domain": "species",
      "versions_present": [
        "euring_2000"
      ],
      "format_changes": {
        "euring_2000": "Length: 12, Type: numeric, Pattern: ^[0-9]{12}$"
      },
      "semantic_changes": {
        "euring_2000": "Additional species or measurement codes"
      },
      "data_type_changes": {
        "euring_2000": "numeric"
      },
      "length_changes": {
        "euring_2000": 12
      },
      "validation_changes": {
        "euring_2000": []
      }
    },
    "additional_code_1": {
      "field_name": "additional_code_1",
      "semantic_domain": "species",
      "versions_present": [
        "euring_1979"
      ],
      "format_changes": {
        "euring_1979": "Length: 3, Type: numeric, Pattern: ^[0-9]{3}$"
      },
      "semantic_changes": {
        "euring_1979": "Additional species or location code"
      },
      "data_type_changes": {
        "euring_1979": "numeric"
      },
      "length_changes": {
        "euring_1979": 3
      },
      "validation_changes": {
        "euring_1979": []
      }
    }
  }
}