{
  "id": "euring_1966",
  "name": "EURING Code 1966",
  "year": 1966,
  "description": "First version of the EURING code system established in 1966 - space-separated format with 11 fields",
  "field_definitions": [
    {
      "position": 1,
      "name": "species_code",
      "data_type": "numeric",
      "length": 4,
      "valid_values": null,
      "description": "Species identification code (4 digits)",
      "semantic_meaning": "EURING species code",
      "example_values": ["5320"]
    },
    {
      "position": 2,
      "name": "ring_number",
      "data_type": "alphanumeric",
      "length": 7,
      "valid_values": null,
      "description": "Ring number assigned to the bird (2 letters + 5 digits)",
      "semantic_meaning": "Unique ring identifier",
      "format_pattern": "^[A-Z]{2}[0-9]{5}$",
      "example_values": ["TA12345"]
    },
    {
      "position": 3,
      "name": "age_code",
      "data_type": "numeric",
      "length": 1,
      "valid_values": ["1", "2", "3", "4", "5", "6", "7", "8", "9"],
      "description": "Age classification code (1 digit)",
      "semantic_meaning": "Bird age category",
      "example_values": ["3"]
    },
    {
      "position": 4,
      "name": "date_code",
      "data_type": "numeric",
      "length": 8,
      "valid_values": null,
      "description": "Date of capture/observation in DDMMYYYY format",
      "semantic_meaning": "Capture date",
      "format_pattern": "^[0-3][0-9][0-1][0-9][0-9]{4}$",
      "example_values": ["11022023"]
    },
    {
      "position": 5,
      "name": "latitude",
      "data_type": "coordinate",
      "length": 5,
      "valid_values": null,
      "description": "Latitude in degrees and minutes with direction (DDMMN/S)",
      "semantic_meaning": "Geographic latitude",
      "format_pattern": "^[0-9]{4}[NS]$",
      "example_values": ["5215N"]
    },
    {
      "position": 6,
      "name": "longitude",
      "data_type": "coordinate",
      "length": 6,
      "valid_values": null,
      "description": "Longitude in degrees and minutes with direction (DDDMME/W)",
      "semantic_meaning": "Geographic longitude",
      "format_pattern": "^[0-9]{5}[EW]$",
      "example_values": ["01325E"]
    },
    {
      "position": 7,
      "name": "condition_code",
      "data_type": "numeric",
      "length": 2,
      "valid_values": null,
      "description": "Condition or circumstances code",
      "semantic_meaning": "Bird condition at capture",
      "example_values": ["10"]
    },
    {
      "position": 8,
      "name": "method_code",
      "data_type": "numeric",
      "length": 1,
      "valid_values": null,
      "description": "Capture or observation method code",
      "semantic_meaning": "Method used for capture/observation",
      "example_values": ["2"]
    },
    {
      "position": 9,
      "name": "wing_length",
      "data_type": "numeric",
      "length": 3,
      "valid_values": null,
      "description": "Wing length measurement (mm)",
      "semantic_meaning": "Biometric measurement - wing length",
      "example_values": ["050"]
    },
    {
      "position": 10,
      "name": "weight",
      "data_type": "numeric",
      "length": 4,
      "valid_values": null,
      "description": "Body weight measurement (0.1g units)",
      "semantic_meaning": "Biometric measurement - body weight",
      "example_values": ["0115"]
    },
    {
      "position": 11,
      "name": "bill_length",
      "data_type": "numeric",
      "length": 4,
      "valid_values": null,
      "description": "Bill length measurement (0.1mm units)",
      "semantic_meaning": "Biometric measurement - bill length",
      "example_values": ["0750"]
    }
  ],
  "validation_rules": [
    {
      "field_name": "species_code",
      "rule_type": "format",
      "rule_expression": "value.isdigit() and len(value) == 4",
      "error_message": "Species code must be exactly 4 digits"
    },
    {
      "field_name": "ring_number",
      "rule_type": "format",
      "rule_expression": "len(value) == 7 and value[:2].isalpha() and value[2:].isdigit()",
      "error_message": "Ring number must be 2 uppercase letters followed by 5 digits"
    },
    {
      "field_name": "age_code",
      "rule_type": "range",
      "rule_expression": "value in ['1', '2', '3', '4', '5', '6', '7', '8', '9']",
      "error_message": "Age code must be a single digit from 1 to 9"
    },
    {
      "field_name": "date_code",
      "rule_type": "format",
      "rule_expression": "len(value) == 8 and value.isdigit() and 1 <= int(value[:2]) <= 31 and 1 <= int(value[2:4]) <= 12",
      "error_message": "Date must be 8 digits in valid DDMMYYYY format"
    },
    {
      "field_name": "latitude",
      "rule_type": "format",
      "rule_expression": "len(value) == 5 and value[:-1].isdigit() and value[-1] in ['N', 'S'] and 0 <= int(value[:2]) <= 90 and 0 <= int(value[2:4]) <= 59",
      "error_message": "Latitude must be valid degrees (00-90) and minutes (00-59) followed by N or S"
    },
    {
      "field_name": "longitude",
      "rule_type": "format",
      "rule_expression": "len(value) == 6 and value[:-1].isdigit() and value[-1] in ['E', 'W'] and 0 <= int(value[:3]) <= 180 and 0 <= int(value[3:5]) <= 59",
      "error_message": "Longitude must be valid degrees (000-180) and minutes (00-59) followed by E or W"
    },
    {
      "field_name": "condition_code",
      "rule_type": "format",
      "rule_expression": "len(value) == 2 and value.isdigit()",
      "error_message": "Condition code must be exactly 2 digits"
    },
    {
      "field_name": "method_code",
      "rule_type": "format",
      "rule_expression": "len(value) == 1 and value.isdigit()",
      "error_message": "Method code must be exactly 1 digit"
    },
    {
      "field_name": "wing_length",
      "rule_type": "format",
      "rule_expression": "len(value) == 3 and value.isdigit()",
      "error_message": "Wing length must be exactly 3 digits"
    },
    {
      "field_name": "weight",
      "rule_type": "format",
      "rule_expression": "len(value) == 4 and value.isdigit()",
      "error_message": "Weight must be exactly 4 digits"
    },
    {
      "field_name": "bill_length",
      "rule_type": "format",
      "rule_expression": "len(value) == 4 and value.isdigit()",
      "error_message": "Bill length must be exactly 4 digits"
    }
  ],
  "format_specification": {
    "total_length": 55,
    "field_separator": " ",
    "encoding": "utf-8",
    "validation_pattern": "^[0-9]{4} [A-Z]{2}[0-9]{5} [1-9] [0-9]{8} [0-9]{4}[NS] [0-9]{5}[EW] [0-9]{2} [0-9] [0-9]{3} [0-9]{4} [0-9]{4}$"
  },
  "parsing_instructions": {
    "method": "space_separated",
    "field_order": ["species_code", "ring_number", "age_code", "date_code", "latitude", "longitude", "condition_code", "method_code", "wing_length", "weight", "bill_length"],
    "coordinate_format": "degrees_minutes_direction"
  }
}