{
  "id": "euring_2000",
  "name": "EURING Code 2000",
  "year": 2000,
  "description": "EURING code version from 2000 - complex fixed-length format with alphanumeric codes",
  "field_definitions": [
    {
      "position": 5,
      "name": "scheme_code",
      "data_type": "alphanumeric",
      "length": 4,
      "valid_values": null,
      "description": "Ringing scheme identification code",
      "semantic_domain": "identification_marking",
      "semantic_meaning": "Ringing scheme identifier",
      "evolution_notes": [
        "Manual edit: Manual edit via matrix interface at 2025-12-24T00:04:52.709Z"
      ]
    },
    {
      "position": 2,
      "name": "ring_prefix",
      "data_type": "integer",
      "length": 3,
      "valid_values": null,
      "description": "Ring number prefix",
      "semantic_domain": "identification_marking",
      "semantic_meaning": "Ring series identifier",
      "evolution_notes": [
        "Manual edit: Manual edit via matrix interface at 2025-12-23T23:39:37.234Z"
      ]
    },
    {
      "position": 3,
      "name": "separator",
      "data_type": "string",
      "length": 3,
      "valid_values": [
        "..."
      ],
      "description": "Field separator (three dots)",
      "semantic_domain": "methodology",
      "semantic_meaning": "Field delimiter",
      "evolution_notes": null
    },
    {
      "position": 4,
      "name": "ring_number",
      "data_type": "numeric",
      "length": 7,
      "valid_values": null,
      "description": "Ring number (7 digits)",
      "semantic_domain": "identification_marking",
      "semantic_meaning": "Unique ring identifier",
      "evolution_notes": null
    },
    {
      "position": 5,
      "name": "ring_suffix",
      "data_type": "alphanumeric",
      "length": 2,
      "valid_values": null,
      "description": "Ring number suffix",
      "semantic_domain": "identification_marking",
      "semantic_meaning": "Ring series suffix",
      "evolution_notes": null
    },
    {
      "position": 6,
      "name": "date_first",
      "data_type": "numeric",
      "length": 5,
      "valid_values": null,
      "description": "First date code (5 digits)",
      "semantic_domain": "temporal",
      "semantic_meaning": "Date of first capture/observation",
      "evolution_notes": null
    },
    {
      "position": 7,
      "name": "date_current",
      "data_type": "numeric",
      "length": 5,
      "valid_values": null,
      "description": "Current date code (5 digits)",
      "semantic_domain": "temporal",
      "semantic_meaning": "Date of current capture/observation",
      "evolution_notes": null
    },
    {
      "position": 8,
      "name": "status_code",
      "data_type": "alphanumeric",
      "length": 1,
      "valid_values": null,
      "description": "Status code (1 character)",
      "semantic_domain": "demographics",
      "semantic_meaning": "Bird status or condition",
      "evolution_notes": null
    },
    {
      "position": 9,
      "name": "age_code",
      "data_type": "numeric",
      "length": 1,
      "valid_values": [
        "0",
        "1",
        "2",
        "3",
        "4",
        "5",
        "6",
        "7",
        "8",
        "9"
      ],
      "description": "Age classification code (1 digit)",
      "semantic_domain": "demographics",
      "semantic_meaning": "Bird age category",
      "evolution_notes": null
    },
    {
      "position": 10,
      "name": "location_code",
      "data_type": "alphanumeric",
      "length": 5,
      "valid_values": null,
      "description": "Location identification code",
      "semantic_domain": "spatial",
      "semantic_meaning": "Geographic location identifier",
      "evolution_notes": null
    },
    {
      "position": 11,
      "name": "accuracy_code",
      "data_type": "alphanumeric",
      "length": 2,
      "valid_values": null,
      "description": "Location accuracy code",
      "semantic_domain": "spatial",
      "semantic_meaning": "Accuracy of location coordinates",
      "evolution_notes": null
    },
    {
      "position": 12,
      "name": "empty_fields_1",
      "data_type": "string",
      "length": 5,
      "valid_values": [
        "-----"
      ],
      "description": "Empty fields marked with 5 dashes",
      "semantic_domain": "spatial",
      "semantic_meaning": "Placeholder for unused fields",
      "evolution_notes": null
    },
    {
      "position": 13,
      "name": "measurement_1",
      "data_type": "numeric",
      "length": 4,
      "valid_values": null,
      "description": "First measurement (4 digits)",
      "semantic_domain": "biometrics",
      "semantic_meaning": "Biometric measurement 1",
      "evolution_notes": null
    },
    {
      "position": 14,
      "name": "measurement_2",
      "data_type": "numeric",
      "length": 3,
      "valid_values": null,
      "description": "Second measurement (3 digits)",
      "semantic_domain": "biometrics",
      "semantic_meaning": "Biometric measurement 2",
      "evolution_notes": null
    },
    {
      "position": 15,
      "name": "measurement_3",
      "data_type": "numeric",
      "length": 3,
      "valid_values": null,
      "description": "Third measurement (3 digits)",
      "semantic_domain": "biometrics",
      "semantic_meaning": "Biometric measurement 3",
      "evolution_notes": null
    },
    {
      "position": 16,
      "name": "measurement_4",
      "data_type": "numeric",
      "length": 3,
      "valid_values": null,
      "description": "Fourth measurement (3 digits)",
      "semantic_domain": "biometrics",
      "semantic_meaning": "Biometric measurement 4",
      "evolution_notes": null
    },
    {
      "position": 17,
      "name": "region_code",
      "data_type": "alphanumeric",
      "length": 4,
      "valid_values": null,
      "description": "Region identification code",
      "semantic_domain": "spatial",
      "semantic_meaning": "Geographic region identifier",
      "evolution_notes": null
    },
    {
      "position": 18,
      "name": "latitude_sign",
      "data_type": "string",
      "length": 1,
      "valid_values": [
        "+",
        "-"
      ],
      "description": "Latitude sign (+ or -)",
      "semantic_domain": "spatial",
      "semantic_meaning": "Latitude hemisphere indicator",
      "evolution_notes": null
    },
    {
      "position": 19,
      "name": "latitude_value",
      "data_type": "numeric",
      "length": 6,
      "valid_values": null,
      "description": "Latitude value (6 digits)",
      "semantic_domain": "spatial",
      "semantic_meaning": "Geographic latitude coordinate",
      "evolution_notes": null
    },
    {
      "position": 20,
      "name": "longitude_sign",
      "data_type": "string",
      "length": 1,
      "valid_values": [
        "+",
        "-"
      ],
      "description": "Longitude sign (+ or -)",
      "semantic_domain": "spatial",
      "semantic_meaning": "Longitude hemisphere indicator",
      "evolution_notes": null
    },
    {
      "position": 21,
      "name": "longitude_value",
      "data_type": "numeric",
      "length": 6,
      "valid_values": null,
      "description": "Longitude value (6 digits)",
      "semantic_domain": "spatial",
      "semantic_meaning": "Geographic longitude coordinate",
      "evolution_notes": null
    },
    {
      "position": 22,
      "name": "additional_codes",
      "data_type": "numeric",
      "length": 12,
      "valid_values": null,
      "description": "Additional identification codes",
      "semantic_domain": "identification_marking",
      "semantic_meaning": "Additional species or measurement codes",
      "evolution_notes": null
    },
    {
      "position": 23,
      "name": "empty_fields_2",
      "data_type": "string",
      "length": 3,
      "valid_values": [
        "---"
      ],
      "description": "Empty fields marked with 3 dashes",
      "semantic_domain": "spatial",
      "semantic_meaning": "Placeholder for unused fields",
      "evolution_notes": null
    },
    {
      "position": 24,
      "name": "final_code",
      "data_type": "numeric",
      "length": 5,
      "valid_values": null,
      "description": "Final identification code",
      "semantic_domain": "identification_marking",
      "semantic_meaning": "Record validation or checksum code",
      "evolution_notes": null
    }
  ],
  "validation_rules": [
    {
      "field_name": "scheme_code",
      "rule_type": "format",
      "rule_expression": "len(value) == 4 and value.isalnum() and value.isupper()",
      "error_message": "Scheme code must be 4 uppercase alphanumeric characters"
    },
    {
      "field_name": "ring_prefix",
      "rule_type": "format",
      "rule_expression": "len(value) == 3 and value.isalnum() and value.isupper()",
      "error_message": "Ring prefix must be 3 uppercase alphanumeric characters"
    },
    {
      "field_name": "separator",
      "rule_type": "exact",
      "rule_expression": "value == '...'",
      "error_message": "Separator must be exactly '...'"
    },
    {
      "field_name": "ring_number",
      "rule_type": "format",
      "rule_expression": "len(value) == 7 and value.isdigit()",
      "error_message": "Ring number must be exactly 7 digits"
    },
    {
      "field_name": "ring_suffix",
      "rule_type": "format",
      "rule_expression": "len(value) == 2 and value.isalpha() and value.isupper()",
      "error_message": "Ring suffix must be 2 uppercase letters"
    },
    {
      "field_name": "date_first",
      "rule_type": "format",
      "rule_expression": "len(value) == 5 and value.isdigit()",
      "error_message": "First date must be exactly 5 digits"
    },
    {
      "field_name": "date_current",
      "rule_type": "format",
      "rule_expression": "len(value) == 5 and value.isdigit()",
      "error_message": "Current date must be exactly 5 digits"
    },
    {
      "field_name": "age_code",
      "rule_type": "range",
      "rule_expression": "value.isdigit() and len(value) == 1",
      "error_message": "Age code must be a single digit"
    },
    {
      "field_name": "latitude_sign",
      "rule_type": "exact",
      "rule_expression": "value in ['+', '-']",
      "error_message": "Latitude sign must be + or -"
    },
    {
      "field_name": "longitude_sign",
      "rule_type": "exact",
      "rule_expression": "value in ['+', '-']",
      "error_message": "Longitude sign must be + or -"
    },
    {
      "field_name": "latitude_value",
      "rule_type": "format",
      "rule_expression": "len(value) == 6 and value.isdigit()",
      "error_message": "Latitude value must be exactly 6 digits"
    },
    {
      "field_name": "longitude_value",
      "rule_type": "format",
      "rule_expression": "len(value) == 6 and value.isdigit()",
      "error_message": "Longitude value must be exactly 6 digits"
    },
    {
      "field_name": "empty_fields_1",
      "rule_type": "exact",
      "rule_expression": "value == '-----'",
      "error_message": "Empty fields must be exactly '-----'"
    },
    {
      "field_name": "empty_fields_2",
      "rule_type": "exact",
      "rule_expression": "value == '---'",
      "error_message": "Empty fields must be exactly '---'"
    },
    {
      "field_name": "final_code",
      "rule_type": "format",
      "rule_expression": "len(value) == 5 and value.isdigit()",
      "error_message": "Final code must be exactly 5 digits"
    }
  ],
  "format_specification": {
    "total_length": 96,
    "field_separator": null,
    "encoding": "utf-8",
    "validation_pattern": "^[A-Z0-9]{4}[A-Z0-9]{3}\\.\\.\\.[0-9]{7}[A-Z]{2}[0-9]{10}[A-Z0-9][A-Z0-9]{5}[A-Z0-9]{2}-----[0-9]{13}[A-Z0-9]{4}[+-][0-9]{6}[+-][0-9]{6}[0-9]{12}---[0-9]{5}$"
  },
  "semantic_domains": null
}